,precision,recall,f1-score,support
0,0.9045801526717557,0.864963503649635,0.8843283582089553,274.0
1,0.8471074380165289,0.8541666666666666,0.8506224066390041,240.0
2,0.9024390243902439,0.940677966101695,0.9211618257261411,236.0
accuracy,0.8853333333333333,0.8853333333333333,0.8853333333333333,0.8853333333333333
macro avg,0.8847088716928427,0.8866027121393323,0.8853708635247002,750.0
weighted avg,0.8855151422828341,0.8853333333333333,0.8851327181519787,750.0
