,precision,recall,f1-score,support
0,0.8955223880597015,0.8759124087591241,0.8856088560885609,274.0
1,0.8636363636363636,0.8708333333333333,0.8672199170124482,240.0
2,0.9291666666666667,0.9449152542372882,0.9369747899159665,236.0
accuracy,0.896,0.896,0.896,0.896
macro avg,0.8961084727875773,0.8972203321099151,0.8966011876723252,750.0
weighted avg,0.8959055932458917,0.896,0.895887542761895,750.0
