,precision,recall,f1-score,support
0,0.9107142857142857,0.8127490039840638,0.8589473684210526,251.0
1,0.7653429602888087,0.9098712446351931,0.8313725490196078,233.0
2,0.9397590361445783,0.8796992481203008,0.9087378640776699,266.0
accuracy,0.8666666666666667,0.8666666666666667,0.8666666666666667,0.8666666666666667
macro avg,0.8719387607158909,0.8674398322465192,0.8663525938394434,750.0
weighted avg,0.8758534654347147,0.8666666666666667,0.8680398203198839,750.0
