,precision,recall,f1-score,support
0,0.8316831683168316,0.9197080291970803,0.8734835355285963,274.0
1,0.916256157635468,0.775,0.8397291196388262,240.0
2,0.8852459016393442,0.9152542372881356,0.9,236.0
accuracy,0.872,0.872,0.872,0.872
macro avg,0.8777284091972146,0.8699874221617385,0.8710708850558074,750.0
weighted avg,0.8756009316509459,0.872,0.8710259699308716,750.0
