,precision,recall,f1-score,support
0,1.0,1.0,1.0,6.0
1,0.875,0.875,0.875,8.0
2,0.8888888888888888,0.8888888888888888,0.8888888888888888,9.0
accuracy,0.9130434782608695,0.9130434782608695,0.9130434782608695,0.9130434782608695
macro avg,0.9212962962962963,0.9212962962962963,0.9212962962962963,23.0
weighted avg,0.9130434782608695,0.9130434782608695,0.9130434782608695,23.0
