,precision,recall,f1-score,support
0,0.8933823529411765,0.8868613138686131,0.8901098901098901,274.0
1,0.8771929824561403,0.8333333333333334,0.8547008547008548,240.0
2,0.9,0.9533898305084746,0.9259259259259259,236.0
accuracy,0.8906666666666667,0.8906666666666667,0.8906666666666667,0.8906666666666667
macro avg,0.8901917784657724,0.8911948259034737,0.8902455569122236,750.0
weighted avg,0.8902841073271414,0.8906666666666667,0.8900491113824446,750.0
